Workbook
Name Config_AcceptTinOrName: Config!$A$20
Name Config_TaxTypeCode: Config!$G$3
Name Config_Template_Revision: Config!$G$2
Name Lookup_Periods: Config!$C$2:$C$13
Name Lookup_Periods_Codes: Config!$C$2:$D$13
Name Lookup_Years: Config!$A$2:$A$8
Name Lookup_YesNo: Config!$E$2:$E$3
Name PAYE_Schedule_Headers: Config!$A$16:$I$17
Name Submission_Period: 'Employee Details'!$C$16
Name Submission_Submitter_Address: 'Employee Details'!$C$12
Name Submission_Submitter_Name: 'Employee Details'!$C$10
Name Submission_Submitter_TIN: 'Employee Details'!$C$8
Name Submission_Year: 'Employee Details'!$C$14

Sheet Employee Details
B2: Belize Tax Services | J2: Upload form | Valid from January 2020
D3: PAYE - Employee Details
B6: Complete the details below of the taxpayer and tax period this return is to be filed for.
B8: Submitter's TIN | C8: 005262
B10: Submitter's Name | C10: Chaa Creek Ltd.
B12: Submitter's Address | C12: 77 Burns Avenue
B14: Year | C14: 2026
B16: Period | C16: September
B20: Help completing this form:
B21: - A TIN or a name is required for each row. - TINs must be entered in the following format: ###### e.g. 123456. - Ensure that there are no red flags, indicating missing or invalid data on rows. - Once completed, you can file this return online.
B22: Totals | G22: =SUM(G25:G3025) -> 348712.68 | H22: =SUM(H25:H3025) -> 102520.2 | I22: =SUM(I25:I3025) -> 0 | J22: =SUM(J25:J3025) -> 18318.59
B23: Complete the details below:
B24: TIN | C24: Taxpayer Name | D24: Social Security Number | E24: Passport | F24: Number of Weeks Employed | G24: Total Emoluments | H24: Taxable Benefits | I24: Commissions | J24: Tax Withheld | M24: EmptyRow | N24: TinSpecified | O24: NameSpecified | P24: TinOrNameSpecified | R24: ValidNumWeeksEmployed | S24: ValidTotalEmolumentsAmt | T24: ValidTaxableBenefitsAmt | U24: ValidCommissionsAmt | V24: ValidTaxWithheldAmt | X24: IsRowValid
B25: 065042 | C25: Jose Aguirres | D25: 000100203 | F25: 4 | G25: 1703.92 | H25: 231.92 | I25: 0 | J25: 0 | M25: =AND(ISBLANK(B25),ISBLANK(C25),ISBLANK(D25),ISBLANK(E25),ISBLANK(F25),ISBLANK(G25),ISBLANK(H25),ISBLANK(I25),ISBLANK(J25)) -> FALSE | N25: =AND(LEN(SUBSTITUTE(B25,"-",""))=6,ISNUMBER(_xludf.NUMBERVALUE(SUBSTITUTE(B25,"-","")))) -> FALSE | O25: =LEN(C25)>0 -> TRUE | P25: =OR(N25, AND(O25, TRUE())) -> TRUE | Q25: =TRUE() -> TRUE | R25: =AND(ISNUMBER(F25), F25>=1, F25<=5) -> TRUE | S25: =AND(ISNUMBER(G25), G25>=SUM(H25,I25)) -> TRUE | T25: =AND(ISNUMBER(G25), G25>=0) -> TRUE | U25: =AND(ISNUMBER(I25), I25>=0, ISNUMBER(H25), H25>=0) -> TRUE | V25: =AND(ISNUMBER(J25), J25>=0) -> TRUE | X25: =OR(M25, AND(P25:V25)) -> TRUE
B26: 330535 | C26: Joshua Alvarez | D26: 000406745 | F26: 4 | G26: 1745.83 | H26: 69.58 | I26: 0 | J26: 0 | M26: =AND(ISBLANK(B26),ISBLANK(C26),ISBLANK(D26),ISBLANK(E26),ISBLANK(F26),ISBLANK(G26),ISBLANK(H26),ISBLANK(I26),ISBLANK(J26)) -> FALSE | N26: =AND(LEN(SUBSTITUTE(B26,"-",""))=6,ISNUMBER(_xludf.NUMBERVALUE(SUBSTITUTE(B26,"-","")))) -> FALSE | O26: =LEN(C26)>0 -> TRUE | P26: =OR(N26, AND(O26, TRUE())) -> TRUE | Q26: =TRUE() -> TRUE | R26: =AND(ISNUMBER(F26), F26>=1, F26<=5) -> TRUE | S26: =AND(ISNUMBER(G26), G26>=SUM(H26,I26)) -> TRUE | T26: =AND(ISNUMBER(G26), G26>=0) -> TRUE | U26: =AND(ISNUMBER(I26), I26>=0, ISNUMBER(H26), H26>=0) -> TRUE | V26: =AND(ISNUMBER(J26), J26>=0) -> TRUE | X26: =OR(M26, AND(P26:V26)) -> TRUE
B27: 107402 | C27: LLoyd Alvarez | D27: 000207112 | F27: 4 | G27: 3825.7 | H27: 1269.7 | I27: 0 | J27: 571.8 | M27: =AND(ISBLANK(B27),ISBLANK(C27),ISBLANK(D27),ISBLANK(E27),ISBLANK(F27),ISBLANK(G27),ISBLANK(H27),ISBLANK(I27),ISBLANK(J27)) -> FALSE | N27: =AND(LEN(SUBSTITUTE(B27,"-",""))=6,ISNUMBER(_xludf.NUMBERVALUE(SUBSTITUTE(B27,"-","")))) -> FALSE | O27: =LEN(C27)>0 -> TRUE | P27: =OR(N27, AND(O27, TRUE())) -> TRUE | Q27: =TRUE() -> TRUE | R27: =AND(ISNUMBER(F27), F27>=1, F27<=5) -> TRUE | S27: =AND(ISNUMBER(G27), G27>=SUM(H27,I27)) -> TRUE | T27: =AND(ISNUMBER(G27), G27>=0) -> TRUE | U27: =AND(ISNUMBER(I27), I27>=0, ISNUMBER(H27), H27>=0) -> TRUE | V27: =AND(ISNUMBER(J27), J27>=0) -> TRUE | X27: =OR(M27, AND(P27:V27)) -> TRUE
B28: 118925 | C28: Mayra Alvarez | D28: 000401789 | F28: 4 | G28: 1458.07 | H28: 1101.94 | I28: 0 | J28: 141.77 | M28: =AND(ISBLANK(B28),ISBLANK(C28),ISBLANK(D28),ISBLANK(E28),ISBLANK(F28),ISBLANK(G28),ISBLANK(H28),ISBLANK(I28),ISBLANK(J28)) -> FALSE | N28: =AND(LEN(SUBSTITUTE(B28,"-",""))=6,ISNUMBER(_xludf.NUMBERVALUE(SUBSTITUTE(B28,"-","")))) -> FALSE | O28: =LEN(C28)>0 -> TRUE | P28: =OR(N28, AND(O28, TRUE())) -> TRUE | Q28: =TRUE() -> TRUE | R28: =AND(ISNUMBER(F28), F28>=1, F28<=5) -> TRUE | S28: =AND(ISNUMBER(G28), G28>=SUM(H28,I28)) -> TRUE | T28: =AND(ISNUMBER(G28), G28>=0) -> TRUE | U28: =AND(ISNUMBER(I28), I28>=0, ISNUMBER(H28), H28>=0) -> TRUE | V28: =AND(ISNUMBER(J28), J28>=0) -> TRUE | X28: =OR(M28, AND(P28:V28)) -> TRUE
B29: 329625 | C29: Waldemar Alvarez | D29: 000395616 | F29: 4 | G29: 1553.94 | H29: 173.94 | I29: 0 | J29: 0 | M29: =AND(ISBLANK(B29),ISBLANK(C29),ISBLANK(D29),ISBLANK(E29),ISBLANK(F29),ISBLANK(G29),ISBLANK(H29),ISBLANK(I29),ISBLANK(J29)) -> FALSE | N29: =AND(LEN(SUBSTITUTE(B29,"-",""))=6,ISNUMBER(_xludf.NUMBERVALUE(SUBSTITUTE(B29,"-","")))) -> FALSE | O29: =LEN(C29)>0 -> TRUE | P29: =OR(N29, AND(O29, TRUE())) -> TRUE | Q29: =TRUE() -> TRUE | R29: =AND(ISNUMBER(F29), F29>=1, F29<=5) -> TRUE | S29: =AND(ISNUMBER(G29), G29>=SUM(H29,I29)) -> TRUE | T29: =AND(ISNUMBER(G29), G29>=0) -> TRUE | U29: =AND(ISNUMBER(I29), I29>=0, ISNUMBER(H29), H29>=0) -> TRUE | V29: =AND(ISNUMBER(J29), J29>=0) -> TRUE | X29: =OR(M29, AND(P29:V29)) -> TRUE
B30: 079088 | C30: Arlene August | D30: 000186448 | F30: 4 | G30: 1164.47 | H30: 900.84 | I30: 0 | J30: 0 | M30: =AND(ISBLANK(B30),ISBLANK(C30),ISBLANK(D30),ISBLANK(E30),ISBLANK(F30),ISBLANK(G30),ISBLANK(H30),ISBLANK(I30),ISBLANK(J30)) -> FALSE | N30: =AND(LEN(SUBSTITUTE(B30,"-",""))=6,ISNUMBER(_xludf.NUMBERVALUE(SUBSTITUTE(B30,"-","")))) -> FALSE | O30: =LEN(C30)>0 -> TRUE | P30: =OR(N30, AND(O30, TRUE())) -> TRUE | Q30: =TRUE() -> TRUE | R30: =AND(ISNUMBER(F30), F30>=1, F30<=5) -> TRUE | S30: =AND(ISNUMBER(G30), G30>=SUM(H30,I30)) -> TRUE | T30: =AND(ISNUMBER(G30), G30>=0) -> TRUE | U30: =AND(ISNUMBER(I30), I30>=0, ISNUMBER(H30), H30>=0) -> TRUE | V30: =AND(ISNUMBER(J30), J30>=0) -> TRUE | X30: =OR(M30, AND(P30:V30)) -> TRUE
B31: 061269 | C31: Christine August | D31: 000208586 | F31: 4 | G31: 4076.39 | H31: 2096.39 | I31: 0 | J31: 634.48 | M31: =AND(ISBLANK(B31),ISBLANK(C31),ISBLANK(D31),ISBLANK(E31),ISBLANK(F31),ISBLANK(G31),ISBLANK(H31),ISBLANK(I31),ISBLANK(J31)) -> FALSE | N31: =AND(LEN(SUBSTITUTE(B31,"-",""))=6,ISNUMBER(_xludf.NUMBERVALUE(SUBSTITUTE(B31,"-","")))) -> FALSE | O31: =LEN(C31)>0 -> TRUE | P31: =OR(N31, AND(O31, TRUE())) -> TRUE | Q31: =TRUE() -> TRUE | R31: =AND(ISNUMBER(F31), F31>=1, F31<=5) -> TRUE | S31: =AND(ISNUMBER(G31), G31>=SUM(H31,I31)) -> TRUE | T31: =AND(ISNUMBER(G31), G31>=0) -> TRUE | U31: =AND(ISNUMBER(I31), I31>=0, ISNUMBER(H31), H31>=0) -> TRUE | V31: =AND(ISNUMBER(J31), J31>=0) -> TRUE | X31: =OR(M31, AND(P31:V31)) -> TRUE
B32: 322157 | C32: Alejandro Wiltshire | D32: 000369662 | F32: 4 | G32: 834.36 | H32: 91.23 | I32: 0 | J32: 0 | M32: =AND(ISBLANK(B32),ISBLANK(C32),ISBLANK(D32),ISBLANK(E32),ISBLANK(F32),ISBLANK(G32),ISBLANK(H32),ISBLANK(I32),ISBLANK(J32)) -> FALSE | N32: =AND(LEN(SUBSTITUTE(B32,"-",""))=6,ISNUMBER(_xludf.NUMBERVALUE(SUBSTITUTE(B32,"-","")))) -> FALSE | O32: =LEN(C32)>0 -> TRUE | P32: =OR(N32, AND(O32, TRUE())) -> TRUE | Q32: =TRUE() -> TRUE | R32: =AND(ISNUMBER(F32), F32>=1, F32<=5) -> TRUE | S32: =AND(ISNUMBER(G32), G32>=SUM(H32,I32)) -> TRUE | T32: =AND(ISNUMBER(G32), G32>=0) -> TRUE | U32: =AND(ISNUMBER(I32), I32>=0, ISNUMBER(H32), H32>=0) -> TRUE | V32: =AND(ISNUMBER(J32), J32>=0) -> TRUE | X32: =OR(M32, AND(P32:V32)) -> TRUE
B33: 243974 | C33: Oscar Avella | D33: 000367410 | F33: 4 | G33: 1505.88 | H33: 118.75 | I33: 0 | J33: 0 | M33: =AND(ISBLANK(B33),ISBLANK(C33),ISBLANK(D33),ISBLANK(E33),ISBLANK(F33),ISBLANK(G33),ISBLANK(H33),ISBLANK(I33),ISBLANK(J33)) -> FALSE | N33: =AND(LEN(SUBSTITUTE(B33,"-",""))=6,ISNUMBER(_xludf.NUMBERVALUE(SUBSTITUTE(B33,"-","")))) -> FALSE | O33: =LEN(C33)>0 -> TRUE | P33: =OR(N33, AND(O33, TRUE())) -> TRUE | Q33: =TRUE() -> TRUE | R33: =AND(ISNUMBER(F33), F33>=1, F33<=5) -> TRUE | S33: =AND(ISNUMBER(G33), G33>=SUM(H33,I33)) -> TRUE | T33: =AND(ISNUMBER(G33), G33>=0) -> TRUE | U33: =AND(ISNUMBER(I33), I33>=0, ISNUMBER(H33), H33>=0) -> TRUE | V33: =AND(ISNUMBER(J33), J33>=0) -> TRUE | X33: =OR(M33, AND(P33:V33)) -> TRUE
B34: 329971 | C34: Kenry Awe | D34: 000403891 | F34: 4 | G34: 977.18 | H34: 711.18 | I34: 0 | J34: 0 | M34: =AND(ISBLANK(B34),ISBLANK(C34),ISBLANK(D34),ISBLANK(E34),ISBLANK(F34),ISBLANK(G34),ISBLANK(H34),ISBLANK(I34),ISBLANK(J34)) -> FALSE | N34: =AND(LEN(SUBSTITUTE(B34,"-",""))=6,ISNUMBER(_xludf.NUMBERVALUE(SUBSTITUTE(B34,"-","")))) -> FALSE | O34: =LEN(C34)>0 -> TRUE | P34: =OR(N34, AND(O34, TRUE())) -> TRUE | Q34: =TRUE() -> TRUE | R34: =AND(ISNUMBER(F34), F34>=1, F34<=5) -> TRUE | S34: =AND(ISNUMBER(G34), G34>=SUM(H34,I34)) -> TRUE | T34: =AND(ISNUMBER(G34), G34>=0) -> TRUE | U34: =AND(ISNUMBER(I34), I34>=0, ISNUMBER(H34), H34>=0) -> TRUE | V34: =AND(ISNUMBER(J34), J34>=0) -> TRUE | X34: =OR(M34, AND(P34:V34)) -> TRUE
B35: 203528 | C35: Daniel Ayala | D35: 000404295 | F35: 4 | G35: 2526.92 | H35: 231.92 | I35: 0 | J35: 247.1 | M35: =AND(ISBLANK(B35),ISBLANK(C35),ISBLANK(D35),ISBLANK(E35),ISBLANK(F35),ISBLANK(G35),ISBLANK(H35),ISBLANK(I35),ISBLANK(J35)) -> FALSE | N35: =AND(LEN(SUBSTITUTE(B35,"-",""))=6,ISNUMBER(_xludf.NUMBERVALUE(SUBSTITUTE(B35,"-","")))) -> FALSE | O35: =LEN(C35)>0 -> TRUE | P35: =OR(N35, AND(O35, TRUE())) -> TRUE | Q35: =TRUE() -> TRUE | R35: =AND(ISNUMBER(F35), F35>=1, F35<=5) -> TRUE | S35: =AND(ISNUMBER(G35), G35>=SUM(H35,I35)) -> TRUE | T35: =AND(ISNUMBER(G35), G35>=0) -> TRUE | U35: =AND(ISNUMBER(I35), I35>=0, ISNUMBER(H35), H35>=0) -> TRUE | V35: =AND(ISNUMBER(J35), J35>=0) -> TRUE | X35: =OR(M35, AND(P35:V35)) -> TRUE
B36: 210310 | C36: Maria Balona Godoy | D36: 000403021 | F36: 4 | G36: 1137.54 | H36: 905.54 | I36: 0 | J36: 0 | M36: =AND(ISBLANK(B36),ISBLANK(C36),ISBLANK(D36),ISBLANK(E36),ISBLANK(F36),ISBLANK(G36),ISBLANK(H36),ISBLANK(I36),ISBLANK(J36)) -> FALSE | N36: =AND(LEN(SUBSTITUTE(B36,"-",""))=6,ISNUMBER(_xludf.NUMBERVALUE(SUBSTITUTE(B36,"-","")))) -> FALSE | O36: =LEN(C36)>0 -> TRUE | P36: =OR(N36, AND(O36, TRUE())) -> TRUE | Q36: =TRUE() -> TRUE | R36: =AND(ISNUMBER(F36), F36>=1, F36<=5) -> TRUE | S36: =AND(ISNUMBER(G36), G36>=SUM(H36,I36)) -> TRUE | T36: =AND(ISNUMBER(G36), G36>=0) -> TRUE | U36: =AND(ISNUMBER(I36), I36>=0, ISNUMBER(H36), H36>=0) -> TRUE | V36: =AND(ISNUMBER(J36), J36>=0) -> TRUE | X36: =OR(M36, AND(P36:V36)) -> TRUE
... B234: 202149 | C234: Rojel Lisbey | D234: 000505261 | F234: 4 | G234: 1785.16 | H234: 110.41 | I234: 0 | J234: 0 | M234: =AND(ISBLANK(B234),ISBLANK(C234),ISBLANK(D234),ISBLANK(E234),ISBLANK(F234),ISBLANK(G234),ISBLANK(H234),ISBLANK(I234),ISBLANK(J234)) -> FALSE | N234: =AND(LEN(SUBSTITUTE(B234,"-",""))=6,ISNUMBER(_xludf.NUMBERVALUE(SUBSTITUTE(B234,"-","")))) -> FALSE | O234: =LEN(C234)>0 -> TRUE | P234: =OR(N234, AND(O234, TRUE())) -> TRUE | Q234: =TRUE() -> TRUE | R234: =AND(ISNUMBER(F234), F234>=1, F234<=5) -> TRUE | S234: =AND(ISNUMBER(G234), G234>=SUM(H234,I234)) -> TRUE | T234: =AND(ISNUMBER(G234), G234>=0) -> TRUE | U234: =AND(ISNUMBER(I234), I234>=0, ISNUMBER(H234), H234>=0) -> TRUE | V234: =AND(ISNUMBER(J234), J234>=0) -> TRUE | X234: =OR(M234, AND(P234:V234)) -> TRUE

Sheet Config
A1: Year | C1: Periods | E1: YesNo | G1: Config
A2: 2017 | C2: January | D2: Jan | E2: Yes | G2: 1
A3: 2018 | C3: February | D3: Feb | E3: No | G3: PAYE
A4: 2019 | C4: March | D4: Mar
A5: 2020 | C5: April | D5: Apr
A6: 2021 | C6: May | D6: May
A7: 2022 | C7: June | D7: Jun
A8: 2023 | C8: July | D8: Jul
C9: August | D9: Aug
C10: September | D10: Sep
C11: October | D11: Oct
C12: November | D12: Nov
C13: December | D13: Dec
C14: January - December | D14: Jan-Dec
A15: Employee Details
A16: ='Employee Details'!$B$24 -> TIN | B16: ='Employee Details'!$C$24 -> Taxpayer Name | C16: ='Employee Details'!$D$24 -> Social Security Number | D16: ='Employee Details'!$E$24 -> Passport | E16: ='Employee Details'!$F$24 -> Number of Weeks Employed | F16: ='Employee Details'!$G$24 -> Total Emoluments | G16: ='Employee Details'!$H$24 -> Taxable Benefits | H16: ='Employee Details'!$I$24 -> Commissions | I16: ='Employee Details'!$J$24 -> Tax Withheld
A17: EmployeeTIN:TIN | B17: EmployeeTIN:Name | C17: Social Security numb | D17: Passport Number | E17: NumberOfWeeks | F17: Total Emoluments | G17: Taxable Benefits | H17: Commissions | I17: Tax Withheld
A19: AcceptTinOrName
A20: TRUE
